Customer_ID,Age,Income,Loan_Amount,Credit_Score,Loan_Status
CUST_0000,59,53479,10477,588,Paid
CUST_0001,49,68157,13484,713,Default
CUST_0002,35,49824,10611,534,Default
CUST_0003,63,59028,18912,715,Paid
CUST_0004,28,66317,12086,798,Paid
CUST_0005,41,61335,14143,414,Default
CUST_0006,59,55719,18088,533,Default
CUST_0007,39,85662,18491,839,Paid
CUST_0008,43,74839,10464,310,Default
CUST_0009,31,48284,20283,505,Default
CUST_0010,31,31806,17278,546,Paid
CUST_0011,44,62772,9591,426,Paid
CUST_0012,56,54317,8361,446,Default
CUST_0013,60,84179,14920,417,Default
CUST_0014,44,69749,19250,681,Paid
CUST_0015,23,65284,19378,711,Paid
CUST_0016,42,50259,16780,662,Paid
CUST_0017,22,32486,15243,808,Paid
CUST_0018,44,46040,17558,436,Paid
CUST_0019,64,59536,10723,474,Paid
CUST_0020,50,15408,23434,588,Default
CUST_0021,58,74834,23369,780,Paid
CUST_0022,22,91340,17144,318,Default
CUST_0023,41,11101,15986,494,Default
CUST_0024,53,21995,12942,629,Paid
CUST_0025,32,54593,17643,474,Paid
CUST_0026,42,38348,11543,748,Paid
CUST_0027,64,55218,3881,653,Paid
CUST_0028,45,48566,1429,798,Paid
CUST_0029,69,29523,11002,440,Default
CUST_0030,47,75768,15781,392,Default
CUST_0031,62,59290,16659,538,Default
CUST_0032,48,38805,12566,504,Default
CUST_0033,36,80100,15709,732,Default
CUST_0034,35,39831,13628,544,Default
CUST_0035,67,25163,10003,616,Default
CUST_0036,64,53670,14731,594,Paid
CUST_0037,23,57063,19064,581,Default
CUST_0038,57,60638,10229,316,Default
CUST_0039,27,63927,10231,370,Default
CUST_0040,41,60322,9653,568,Paid
CUST_0041,29,59509,5317,624,Default
CUST_0042,59,38524,12598,604,Paid
CUST_0043,38,36385,18570,750,Paid
CUST_0044,24,64847,15869,306,Default
CUST_0045,45,54869,14153,613,Paid
CUST_0046,34,66404,15645,402,Default
CUST_0047,29,15854,12555,492,Default
CUST_0048,46,39984,5260,828,Paid
CUST_0049,22,88140,18918,470,Default
CUST_0050,40,61050,20355,836,Default
CUST_0051,48,55911,11359,550,Default
CUST_0052,67,64158,14245,686,Paid
CUST_0053,27,94169,13815,506,Paid
CUST_0054,64,89960,16756,840,Default
CUST_0055,28,18409,23449,715,Paid
CUST_0056,67,25789,20798,679,Paid
CUST_0057,55,17731,13115,443,Default
CUST_0058,34,35057,17712,324,Default
CUST_0059,37,51098,21271,372,Default
CUST_0060,56,54840,17041,392,Paid
CUST_0061,60,19390,14976,804,Paid
CUST_0062,24,12652,17230,635,Default
CUST_0063,22,34704,11483,724,Paid
CUST_0064,26,68323,12213,798,Paid
CUST_0065,62,71807,9679,663,Paid
CUST_0066,24,84116,16535,498,Paid
CUST_0067,49,49353,14342,712,Paid
CUST_0068,38,66563,10884,638,Paid
CUST_0069,46,70197,14179,728,Paid
CUST_0070,64,40062,17349,438,Paid
CUST_0071,54,57756,24573,841,Paid
CUST_0072,30,63174,20060,356,Paid
CUST_0073,56,31816,3579,531,Default
CUST_0074,34,82841,16196,734,Default
CUST_0075,51,49223,22146,683,Default
CUST_0076,68,51740,8310,493,Paid
CUST_0077,35,31053,17757,833,Paid
CUST_0078,28,34411,13816,817,Paid
CUST_0079,34,6069,20751,484,Default
CUST_0080,43,51103,17021,591,Default
CUST_0081,60,100113,10579,634,Paid
CUST_0082,41,29627,13995,415,Default
CUST_0083,36,109523,14291,348,Default
CUST_0084,65,78285,14384,381,Default
CUST_0085,38,40528,20596,632,Paid
CUST_0086,67,50545,10786,634,Paid
CUST_0087,44,47297,20015,831,Paid
CUST_0088,46,84123,13488,520,Default
CUST_0089,45,60340,16117,622,Paid
CUST_0090,65,73639,15361,302,Paid
CUST_0091,61,57163,14890,505,Paid
CUST_0092,49,47760,14931,339,Default
CUST_0093,35,56528,22286,358,Default
CUST_0094,65,41861,19212,806,Default
CUST_0095,21,20955,13186,421,Default
CUST_0096,45,66273,22913,778,Paid
CUST_0097,27,19976,16373,395,Default
CUST_0098,29,44623,16788,713,Paid
CUST_0099,44,41202,10813,534,Default
CUST_0100,21,62867,12512,361,Default
CUST_0101,64,81294,11557,555,Default
CUST_0102,28,74099,15430,647,Paid
CUST_0103,44,63448,18193,423,Default
CUST_0104,31,37402,16836,781,Paid
CUST_0105,37,46330,22940,616,Paid
CUST_0106,28,43414,10561,803,Default
CUST_0107,55,40594,15574,347,Paid
CUST_0108,55,41950,8585,708,Paid
CUST_0109,53,41417,10390,435,Paid
CUST_0110,25,40531,21322,500,Default
CUST_0111,62,69037,12684,549,Default
CUST_0112,59,28907,10983,613,Default
CUST_0113,61,35410,4350,667,Default
CUST_0114,48,18331,10933,728,Paid
CUST_0115,27,78309,13973,779,Paid
CUST_0116,29,34069,8212,613,Paid
CUST_0117,28,63215,13686,799,Paid
CUST_0118,32,59506,21353,654,Paid
CUST_0119,54,76376,11463,784,Default
CUST_0120,53,45799,10283,510,Paid
CUST_0121,68,31049,9380,343,Default
CUST_0122,43,18885,9291,840,Paid
CUST_0123,44,-5692,17677,391,Paid
CUST_0124,57,53227,15243,564,Default
CUST_0125,55,65509,19784,519,Default
CUST_0126,64,59433,25099,741,Paid
CUST_0127,60,19404,5848,700,Paid
CUST_0128,42,70776,16900,699,Paid
CUST_0129,47,36035,9406,789,Paid
CUST_0130,55,31861,18944,784,Default
CUST_0131,21,35587,13640,769,Paid
CUST_0132,55,51568,15136,744,Default
CUST_0133,57,20305,8584,568,Default
CUST_0134,67,49259,12867,566,Paid
CUST_0135,34,58588,15448,353,Default
CUST_0136,23,72146,21780,827,Paid
CUST_0137,21,53519,11027,819,Paid
CUST_0138,25,23207,12246,358,Paid
CUST_0139,46,52977,19721,339,Paid
CUST_0140,34,28794,10703,536,Default
CUST_0141,59,27641,20711,685,Paid
CUST_0142,47,22745,14954,599,Paid
CUST_0143,29,11774,16515,694,Default
CUST_0144,35,38656,16837,506,Default
CUST_0145,35,72577,11918,635,Paid
CUST_0146,46,95129,16949,813,Paid
CUST_0147,62,38528,11138,477,Default
CUST_0148,33,71722,12489,695,Default
CUST_0149,52,42108,17793,670,Default
CUST_0150,59,16985,16466,617,Paid
CUST_0151,69,64018,14625,668,Paid
CUST_0152,52,54696,8706,683,Paid
CUST_0153,24,86360,9954,361,Default
CUST_0154,50,19306,16383,804,Default
CUST_0155,57,105920,18660,538,Default
CUST_0156,43,81834,9451,494,Paid
CUST_0157,59,49641,10800,521,Paid
CUST_0158,65,44027,15670,360,Paid
CUST_0159,35,35683,15563,428,Paid
CUST_0160,63,52194,6880,455,Default
CUST_0161,49,46321,15807,677,Paid
CUST_0162,56,60275,12008,736,Paid
CUST_0163,33,44112,23205,506,Paid
CUST_0164,52,78299,16245,687,Default
CUST_0165,27,52500,17107,779,Paid
CUST_0166,42,44863,17236,639,Paid
CUST_0167,48,70485,8930,639,Paid
CUST_0168,22,17549,24719,503,Default
CUST_0169,62,56819,6885,460,Paid
CUST_0170,65,50511,18978,839,Paid
CUST_0171,26,21782,18093,691,Default
CUST_0172,48,15829,12614,833,Paid
CUST_0173,48,70206,18332,369,Default
CUST_0174,64,69255,13412,704,Default
CUST_0175,64,53451,11622,816,Default
CUST_0176,40,84333,17347,419,Default
CUST_0177,50,58819,9967,516,Paid
CUST_0178,31,74996,13878,355,Default
CUST_0179,48,58406,12029,665,Paid
CUST_0180,45,44483,13320,803,Default
CUST_0181,59,28849,17163,754,Default
CUST_0182,53,37931,12028,403,Default
CUST_0183,21,44857,14038,376,Paid
CUST_0184,47,77263,12484,529,Default
CUST_0185,33,65398,22219,557,Paid
CUST_0186,61,56606,16713,563,Paid
CUST_0187,23,67400,16100,630,Default
CUST_0188,59,60547,18417,481,Paid
CUST_0189,26,55238,12029,849,Default
CUST_0190,28,20026,19296,326,Default
CUST_0191,47,72783,16730,575,Default
CUST_0192,29,40829,7195,598,Default
CUST_0193,57,71770,7859,390,Default
CUST_0194,53,73704,12138,779,Paid
CUST_0195,62,36599,8394,757,Paid
CUST_0196,64,68994,13808,750,Paid
CUST_0197,44,42780,9931,664,Default
CUST_0198,35,42899,14511,650,Paid
CUST_0199,52,55149,22058,699,Default
CUST_0200,52,55689,14753,552,Default
CUST_0201,44,50771,13485,758,Default
CUST_0202,61,23314,16941,798,Default
CUST_0203,69,47571,11517,807,Paid
CUST_0204,69,95569,19217,603,Paid
CUST_0205,32,-5680,17476,800,Default
CUST_0206,59,67394,15194,465,Paid
CUST_0207,22,71142,15771,714,Paid
CUST_0208,23,22833,25208,761,Paid
CUST_0209,69,40611,19711,413,Default
CUST_0210,57,29985,25997,732,Default
CUST_0211,69,87079,17660,655,Paid
CUST_0212,37,72060,7641,506,Paid
CUST_0213,69,73028,13689,534,Default
CUST_0214,22,52412,6498,741,Default
CUST_0215,22,76241,17641,654,Paid
CUST_0216,48,49835,18727,814,Paid
CUST_0217,43,77183,10570,507,Paid
CUST_0218,57,47026,11721,424,Default
CUST_0219,52,36415,15743,437,Default
CUST_0220,53,86219,9009,638,Paid
CUST_0221,21,49583,8634,836,Paid
CUST_0222,39,32024,21193,367,Default
CUST_0223,22,31807,15573,840,Paid
CUST_0224,64,31868,12209,682,Paid
CUST_0225,46,66888,6539,318,Paid
CUST_0226,52,48022,19261,749,Default
CUST_0227,26,95959,11577,373,Default
CUST_0228,52,73723,24303,575,Default
CUST_0229,24,55142,19296,347,Default
CUST_0230,31,78077,10959,510,Default
CUST_0231,37,40089,11422,839,Default
CUST_0232,58,12904,23609,490,Default
CUST_0233,44,30208,14578,614,Default
CUST_0234,25,52944,12433,412,Paid
CUST_0235,54,45549,15138,469,Default
CUST_0236,26,66488,12410,767,Paid
CUST_0237,42,47507,16205,313,Paid
CUST_0238,31,64960,14620,587,Default
CUST_0239,68,80019,19377,488,Paid
CUST_0240,36,47446,13057,454,Default
CUST_0241,53,61102,10575,770,Paid
CUST_0242,29,14904,13255,374,Default
CUST_0243,26,47522,13224,576,Paid
CUST_0244,36,25360,14612,642,Paid
CUST_0245,49,52904,18172,724,Paid
CUST_0246,23,54719,17899,810,Default
CUST_0247,40,54653,20998,481,Paid
CUST_0248,56,40397,10942,757,Paid
CUST_0249,39,95969,16943,363,Default
CUST_0250,46,24639,18636,559,Default
CUST_0251,23,23417,11628,492,Default
CUST_0252,39,83099,13961,705,Paid
CUST_0253,40,35914,6250,392,Default
CUST_0254,52,31106,19534,729,Paid
CUST_0255,27,96058,13922,733,Paid
CUST_0256,61,69714,19032,703,Paid
CUST_0257,53,38110,16030,733,Paid
CUST_0258,60,54350,14074,411,Default
CUST_0259,59,88917,7035,674,Paid
CUST_0260,38,63832,7925,358,Paid
CUST_0261,60,75722,2034,342,Default
CUST_0262,21,66096,12186,506,Default
CUST_0263,31,68605,26391,595,Default
CUST_0264,48,50794,8560,417,Default
CUST_0265,45,50226,1842,831,Paid
CUST_0266,43,55341,19813,521,Paid
CUST_0267,51,64689,26818,465,Default
CUST_0268,50,44333,16489,455,Paid
CUST_0269,62,52441,16443,483,Default
CUST_0270,55,43793,13450,389,Paid
CUST_0271,27,52313,6028,393,Paid
CUST_0272,36,24980,7746,312,Default
CUST_0273,46,102119,13416,737,Paid
CUST_0274,68,35341,12457,837,Default
CUST_0275,69,42770,14424,449,Paid
CUST_0276,22,33614,19146,307,Paid
CUST_0277,21,62314,12090,328,Default
CUST_0278,68,46079,19248,595,Default
CUST_0279,32,30723,12123,639,Paid
CUST_0280,25,63137,20191,738,Paid
CUST_0281,57,65832,15431,443,Default
CUST_0282,52,48662,12820,818,Paid
CUST_0283,29,36727,15346,344,Default
CUST_0284,61,93821,13532,538,Default
CUST_0285,55,56801,15565,454,Paid
CUST_0286,39,24518,18790,480,Default
CUST_0287,68,78280,14563,514,Paid
CUST_0288,36,32884,13152,387,Default
CUST_0289,23,104837,9382,555,Default
CUST_0290,40,51593,17895,810,Paid
CUST_0291,44,70266,16741,372,Paid
CUST_0292,53,8399,9090,478,Default
CUST_0293,44,24317,19177,511,Default
CUST_0294,31,76677,9009,533,Default
CUST_0295,69,56356,20146,764,Paid
CUST_0296,28,90847,18439,522,Default
CUST_0297,56,59703,17098,563,Default
CUST_0298,58,52905,13115,506,Paid
CUST_0299,60,84271,17878,665,Paid
CUST_0300,40,70202,20381,575,Paid
CUST_0301,55,46074,17961,679,Paid
CUST_0302,68,28117,11648,608,Paid
CUST_0303,45,2567,16337,567,Default
CUST_0304,55,41246,20660,363,Default
CUST_0305,45,26273,25995,649,Paid
CUST_0306,49,101954,13973,793,Paid
CUST_0307,38,36992,19289,822,Paid
CUST_0308,66,36445,20672,397,Default
CUST_0309,38,19575,10937,370,Default
CUST_0310,22,44673,23910,663,Paid
CUST_0311,55,36709,9674,575,Default
CUST_0312,36,84754,19044,349,Default
CUST_0313,61,53369,16526,657,Paid
CUST_0314,56,49822,15277,784,Paid
CUST_0315,53,47306,27734,383,Default
CUST_0316,24,65723,13493,595,Default
CUST_0317,53,40953,13413,535,Paid
CUST_0318,34,63344,21657,355,Default
CUST_0319,41,82279,18809,659,Default
CUST_0320,68,59201,21410,409,Default
CUST_0321,40,45005,15584,491,Default
CUST_0322,28,30930,16584,392,Paid
CUST_0323,27,44497,24504,359,Default
CUST_0324,23,61261,10820,338,Paid
CUST_0325,37,19349,14485,839,Default
CUST_0326,53,66630,18991,348,Default
CUST_0327,68,54152,14020,719,Paid
CUST_0328,32,47016,12149,312,Default
CUST_0329,42,36811,18092,335,Default
CUST_0330,42,40472,21679,400,Default
CUST_0331,66,61946,14295,385,Default
CUST_0332,50,47435,14157,815,Paid
CUST_0333,58,39977,11761,522,Default
CUST_0334,58,59371,13520,637,Paid
CUST_0335,65,60163,20418,465,Default
CUST_0336,28,25016,15405,682,Paid
CUST_0337,47,61429,10975,675,Default
CUST_0338,47,100033,16311,770,Paid
CUST_0339,54,59392,20255,330,Paid
CUST_0340,41,16019,12190,674,Default
CUST_0341,50,53547,8356,310,Paid
CUST_0342,53,13383,25954,601,Default
CUST_0343,48,113347,8107,395,Paid
CUST_0344,67,94713,13204,489,Default
CUST_0345,53,36681,16160,752,Paid
CUST_0346,25,5086,13637,491,Default
CUST_0347,68,32432,14625,785,Paid
CUST_0348,39,46380,17884,565,Default
CUST_0349,24,14762,3041,723,Paid
CUST_0350,55,48619,8665,427,Paid
CUST_0351,69,46248,15221,537,Default
CUST_0352,37,52503,12978,654,Default
CUST_0353,64,54592,15647,411,Default
CUST_0354,48,30687,16138,745,Paid
CUST_0355,50,32931,4420,642,Paid
CUST_0356,49,50911,21368,444,Default
CUST_0357,66,37380,12508,364,Default
CUST_0358,26,68149,10672,546,Paid
CUST_0359,55,50717,16041,789,Paid
CUST_0360,61,87300,15535,738,Default
CUST_0361,57,66409,20983,405,Paid
CUST_0362,44,72074,16359,480,Paid
CUST_0363,49,52651,20790,483,Default
CUST_0364,69,53147,10309,525,Paid
CUST_0365,66,84626,15709,388,Default
CUST_0366,51,42434,9426,829,Paid
CUST_0367,55,60935,15488,670,Paid
CUST_0368,53,44675,14428,698,Default
CUST_0369,41,44627,14213,405,Default
CUST_0370,52,26622,14257,570,Paid
CUST_0371,43,35149,18681,802,Paid
CUST_0372,53,31434,6963,824,Paid
CUST_0373,23,61887,10501,331,Default
CUST_0374,38,70804,14797,692,Paid
CUST_0375,45,48104,9106,339,Paid
CUST_0376,62,54592,15230,517,Paid
CUST_0377,51,46950,14745,381,Default
CUST_0378,23,33784,7981,500,Default
CUST_0379,60,67245,7734,746,Paid
CUST_0380,66,63050,1881,727,Paid
CUST_0381,44,12149,8896,337,Default
CUST_0382,52,44337,15071,510,Paid
CUST_0383,67,32359,15780,743,Paid
CUST_0384,42,42181,16009,626,Default
CUST_0385,43,36591,11110,526,Default
CUST_0386,22,49071,14908,347,Default
CUST_0387,47,43401,16986,317,Default
CUST_0388,62,42977,8659,738,Default
CUST_0389,22,72147,15616,486,Default
CUST_0390,46,61143,18282,644,Paid
CUST_0391,37,35922,12546,523,Paid
CUST_0392,60,38889,20311,787,Paid
CUST_0393,53,59835,12662,528,Default
CUST_0394,29,59808,10699,689,Paid
CUST_0395,63,37924,17784,487,Paid
CUST_0396,68,45320,25166,569,Paid
CUST_0397,59,86936,15426,609,Paid
CUST_0398,49,38269,18174,431,Default
CUST_0399,62,88216,12456,371,Default
CUST_0400,46,72073,8791,486,Default
CUST_0401,55,84508,15831,785,Paid
CUST_0402,45,37418,16621,490,Paid
CUST_0403,44,46628,13210,721,Paid
CUST_0404,33,41016,18155,419,Default
CUST_0405,27,72535,11729,519,Paid
CUST_0406,56,38646,10489,352,Paid
CUST_0407,65,64624,20303,750,Default
CUST_0408,40,63565,20326,711,Paid
CUST_0409,21,49039,11828,536,Paid
CUST_0410,28,75973,23594,705,Paid
CUST_0411,66,52153,13564,721,Paid
CUST_0412,36,66681,15423,546,Paid
CUST_0413,34,40105,14576,371,Paid
CUST_0414,32,35531,17618,484,Paid
CUST_0415,43,64622,16357,305,Paid
CUST_0416,35,58616,16289,505,Paid
CUST_0417,48,54866,9902,843,Paid
CUST_0418,54,43126,6557,686,Default
CUST_0419,22,80984,20710,375,Default
CUST_0420,52,27668,12272,476,Default
CUST_0421,43,26573,14754,648,Default
CUST_0422,42,68843,16633,554,Default
CUST_0423,45,67201,23145,607,Default
CUST_0424,42,57075,15806,644,Paid
CUST_0425,42,44240,13026,426,Paid
CUST_0426,69,60048,12382,586,Paid
CUST_0427,62,84416,14813,786,Paid
CUST_0428,26,100310,10453,682,Paid
CUST_0429,35,16871,15144,705,Paid
CUST_0430,63,41621,14739,687,Paid
CUST_0431,57,40364,23207,824,Paid
CUST_0432,53,82530,14581,575,Default
CUST_0433,28,374,5377,799,Paid
CUST_0434,64,60276,28367,636,Paid
CUST_0435,64,44863,19784,780,Paid
CUST_0436,25,82762,25411,572,Default
CUST_0437,59,80020,9213,357,Default
CUST_0438,24,57310,13890,627,Paid
CUST_0439,26,18405,18372,408,Default
CUST_0440,65,38522,17681,578,Default
CUST_0441,52,40712,16534,627,Paid
CUST_0442,50,23470,4001,614,Paid
CUST_0443,67,73091,6437,773,Paid
CUST_0444,55,20931,22587,410,Default
CUST_0445,60,89306,23476,528,Default
CUST_0446,36,89256,14466,796,Paid
CUST_0447,33,42298,21952,455,Default
CUST_0448,62,56569,9883,772,Paid
CUST_0449,50,48554,11027,571,Paid
CUST_0450,39,68036,9488,301,Paid
CUST_0451,37,75493,10750,810,Default
CUST_0452,39,55159,18613,585,Default
CUST_0453,48,59382,10688,312,Paid
CUST_0454,46,37587,26198,797,Paid
CUST_0455,57,58734,17300,537,Default
CUST_0456,46,53255,20422,393,Default
CUST_0457,43,31764,17449,637,Default
CUST_0458,29,49719,21071,470,Default
CUST_0459,32,42336,10660,766,Paid
CUST_0460,21,37810,22234,442,Default
CUST_0461,21,27070,15704,500,Default
CUST_0462,67,51250,21046,479,Paid
CUST_0463,54,34390,7802,663,Paid
CUST_0464,52,40577,15902,778,Paid
CUST_0465,68,71502,15726,770,Paid
CUST_0466,45,62642,11903,683,Paid
CUST_0467,60,30424,16565,716,Paid
CUST_0468,65,57037,22698,607,Paid
CUST_0469,21,52655,11519,666,Paid
CUST_0470,36,84033,19809,300,Paid
CUST_0471,59,77662,9362,343,Default
CUST_0472,25,19325,25547,397,Default
CUST_0473,42,67222,18923,564,Default
CUST_0474,49,75303,23625,439,Paid
CUST_0475,23,61187,18360,780,Paid
CUST_0476,32,43291,16953,536,Default
CUST_0477,46,98267,18964,371,Default
CUST_0478,36,63028,14317,489,Default
CUST_0479,57,89530,6910,567,Default
CUST_0480,42,77029,17236,620,Paid
CUST_0481,49,59282,11222,406,Default
CUST_0482,34,38405,9491,531,Paid
CUST_0483,48,49517,18181,341,Default
CUST_0484,25,45561,13604,438,Paid
CUST_0485,67,25709,20138,572,Default
CUST_0486,69,63005,11055,780,Paid
CUST_0487,50,81347,12645,715,Paid
CUST_0488,66,44033,20751,805,Paid
CUST_0489,25,93273,16399,723,Paid
CUST_0490,32,18848,7613,706,Default
CUST_0491,36,71087,16288,689,Paid
CUST_0492,46,83430,22406,641,Default
CUST_0493,46,45919,12607,792,Paid
CUST_0494,68,46278,17990,491,Default
CUST_0495,41,70855,10753,798,Paid
CUST_0496,59,60119,14316,532,Paid
CUST_0497,56,10051,20449,526,Default
CUST_0498,53,33132,16096,670,Paid
CUST_0499,50,49729,21446,438,Default
CUST_0500,57,22606,17126,448,Default
CUST_0501,43,40516,26093,414,Default
CUST_0502,30,23106,7175,749,Paid
CUST_0503,25,42596,13914,362,Paid
CUST_0504,56,43267,9577,403,Default
CUST_0505,54,57035,9918,572,Default
CUST_0506,51,48164,9964,305,Paid
CUST_0507,30,60055,15838,446,Default
CUST_0508,39,57670,16131,483,Paid
CUST_0509,52,70626,17137,327,Default
CUST_0510,21,67475,9384,849,Paid
CUST_0511,25,65362,13378,418,Paid
CUST_0512,65,112097,10178,592,Default
CUST_0513,24,56948,19679,670,Paid
CUST_0514,36,101871,10648,543,Paid
CUST_0515,44,58244,13931,517,Default
CUST_0516,36,48342,17801,476,Default
CUST_0517,22,42536,11921,598,Paid
CUST_0518,69,80194,18469,357,Paid
CUST_0519,48,82810,22980,568,Default
CUST_0520,52,61995,15948,607,Paid
CUST_0521,47,72670,19508,587,Default
CUST_0522,40,24455,4632,404,Default
CUST_0523,44,19024,12854,527,Paid
CUST_0524,32,74926,15924,546,Default
CUST_0525,55,47463,9735,793,Paid
CUST_0526,53,64986,16038,382,Default
CUST_0527,53,35654,20299,485,Default
CUST_0528,63,83139,5602,551,Default
CUST_0529,57,19191,9054,654,Paid
CUST_0530,32,22288,15924,509,Default
CUST_0531,23,78886,17302,746,Default
CUST_0532,21,-2196,18690,759,Paid
CUST_0533,53,57571,15554,771,Paid
CUST_0534,60,47853,17307,669,Default
CUST_0535,30,35280,19517,791,Paid
CUST_0536,63,46001,12927,436,Default
CUST_0537,64,33049,11957,666,Paid
CUST_0538,49,80845,14157,483,Default
CUST_0539,33,86089,15997,586,Default
CUST_0540,32,36285,11708,771,Default
CUST_0541,51,55510,13031,674,Paid
CUST_0542,66,23498,16988,836,Paid
CUST_0543,22,71461,15788,810,Paid
CUST_0544,55,70940,14073,549,Paid
CUST_0545,43,44094,6294,809,Paid
CUST_0546,37,50337,14982,372,Default
CUST_0547,46,48124,10149,581,Default
CUST_0548,28,17630,19915,659,Default
CUST_0549,49,80920,13456,309,Default
CUST_0550,46,34660,10018,510,Default
CUST_0551,30,34797,14692,451,Default
CUST_0552,46,46991,21353,304,Default
CUST_0553,54,69910,18154,494,Default
CUST_0554,61,38173,16099,582,Default
CUST_0555,27,10956,8369,763,Default
CUST_0556,24,32260,23108,412,Default
CUST_0557,65,58482,11891,570,Default
CUST_0558,31,93795,19668,462,Default
CUST_0559,49,24801,13373,759,Default
CUST_0560,56,24069,19187,404,Default
CUST_0561,45,19748,21534,581,Default
CUST_0562,41,17265,18240,461,Default
CUST_0563,56,74113,18779,650,Default
CUST_0564,30,79893,14507,733,Paid
CUST_0565,57,53555,12830,439,Paid
CUST_0566,29,40645,15691,770,Paid
CUST_0567,44,85822,13300,431,Default
CUST_0568,55,53478,27336,386,Paid
CUST_0569,69,71788,10038,482,Default
CUST_0570,55,39671,20010,667,Default
CUST_0571,68,50884,17585,428,Paid
CUST_0572,56,25253,16149,545,Paid
CUST_0573,38,62584,22399,677,Paid
CUST_0574,69,53818,16491,448,Default
CUST_0575,59,32108,11825,732,Paid
CUST_0576,52,32377,16458,768,Default
CUST_0577,44,82319,14084,745,Paid
CUST_0578,43,89433,17516,780,Default
CUST_0579,52,45737,19065,593,Default
CUST_0580,57,51355,10704,442,Paid
CUST_0581,32,58002,20976,549,Paid
CUST_0582,69,52960,13725,601,Paid
CUST_0583,33,16514,17218,324,Default
CUST_0584,43,58557,18085,369,Default
CUST_0585,45,8242,16836,411,Paid
CUST_0586,55,35346,14454,663,Paid
CUST_0587,61,60108,12557,602,Default
CUST_0588,50,61999,13655,770,Default
CUST_0589,37,33798,22825,390,Default
CUST_0590,69,40831,10670,829,Paid
CUST_0591,40,38123,11403,491,Paid
CUST_0592,68,47943,11184,541,Paid
CUST_0593,45,49464,15678,437,Default
CUST_0594,42,63369,7376,644,Paid
CUST_0595,33,39662,8232,479,Default
CUST_0596,39,57467,13695,802,Paid
CUST_0597,69,60140,8561,502,Paid
CUST_0598,56,53965,8968,491,Paid
CUST_0599,32,44807,8598,304,Paid
CUST_0600,61,53612,10766,536,Default
CUST_0601,39,65034,18656,610,Default
CUST_0602,32,66783,19778,848,Paid
CUST_0603,29,86307,24595,355,Paid
CUST_0604,27,30199,24411,742,Default
CUST_0605,48,41199,18931,536,Default
CUST_0606,34,17730,20138,496,Default
CUST_0607,51,68620,15655,813,Default
CUST_0608,39,43309,17599,748,Paid
CUST_0609,67,54123,24718,659,Paid
CUST_0610,36,37913,16856,329,Default
CUST_0611,25,43465,20766,407,Default
CUST_0612,55,74463,10328,744,Paid
CUST_0613,32,63884,11668,737,Paid
CUST_0614,45,47769,16560,756,Paid
CUST_0615,41,65356,15749,794,Paid
CUST_0616,56,65798,11900,546,Default
CUST_0617,43,42171,27036,842,Paid
CUST_0618,36,20618,15862,738,Paid
CUST_0619,59,32016,12786,577,Default
CUST_0620,65,23189,15758,410,Default
CUST_0621,62,73288,15127,684,Paid
CUST_0622,59,76762,15939,490,Default
CUST_0623,34,81727,7031,789,Default
CUST_0624,51,9608,21459,725,Default
CUST_0625,25,71428,21744,704,Paid
CUST_0626,55,94243,22351,634,Paid
CUST_0627,43,72239,16627,508,Paid
CUST_0628,49,6975,18312,321,Paid
CUST_0629,63,85365,10668,507,Default
CUST_0630,31,50833,19164,307,Default
CUST_0631,38,45352,16258,828,Default
CUST_0632,67,59021,12697,465,Default
CUST_0633,32,29019,19323,795,Paid
CUST_0634,29,50055,19517,728,Paid
CUST_0635,30,82408,15303,462,Paid
CUST_0636,64,62447,17191,665,Paid
CUST_0637,37,51168,9841,825,Paid
CUST_0638,58,51792,21215,538,Default
CUST_0639,27,26372,10505,371,Default
CUST_0640,66,47000,11472,744,Paid
CUST_0641,33,17314,15311,808,Paid
CUST_0642,60,70448,20572,568,Default
CUST_0643,62,6285,20569,714,Paid
CUST_0644,29,67098,14975,544,Default
CUST_0645,47,69588,18865,359,Default
CUST_0646,22,76375,6554,305,Default
CUST_0647,25,51737,11403,706,Paid
CUST_0648,49,68332,11505,516,Default
CUST_0649,57,46805,21261,325,Default
CUST_0650,58,26266,18273,304,Paid
CUST_0651,39,80614,15923,831,Paid
CUST_0652,28,48062,16408,689,Paid
CUST_0653,68,21809,22841,747,Paid
CUST_0654,65,40663,14149,445,Paid
CUST_0655,21,41453,8429,687,Paid
CUST_0656,42,59233,20435,548,Default
CUST_0657,37,96940,15909,825,Paid
CUST_0658,27,60448,19768,761,Default
CUST_0659,45,54136,14776,312,Paid
CUST_0660,65,99115,10806,683,Default
CUST_0661,24,69577,17014,698,Paid
CUST_0662,56,55084,15050,318,Default
CUST_0663,26,40411,15924,790,Paid
CUST_0664,51,56324,23082,718,Paid
CUST_0665,39,48672,9506,636,Default
CUST_0666,64,51828,16429,718,Paid
CUST_0667,59,76288,10905,421,Paid
CUST_0668,47,39193,2047,731,Paid
CUST_0669,30,60270,14755,343,Default
CUST_0670,46,68978,15155,616,Paid
CUST_0671,39,36757,18117,680,Paid
CUST_0672,59,33547,13912,444,Default
CUST_0673,23,46993,7554,626,Default
CUST_0674,65,40767,10887,662,Paid
CUST_0675,33,73046,21584,349,Paid
CUST_0676,48,29964,10816,364,Default
CUST_0677,40,51369,22916,654,Paid
CUST_0678,48,100920,20249,463,Default
CUST_0679,28,58261,13411,440,Default
CUST_0680,61,61585,11354,427,Paid
CUST_0681,59,73213,20239,697,Paid
CUST_0682,21,40741,13795,762,Default
CUST_0683,23,28371,7271,486,Paid
CUST_0684,33,53530,17811,489,Default
CUST_0685,48,55308,17086,687,Paid
CUST_0686,69,17635,20688,728,Default
CUST_0687,45,57501,16747,583,Default
CUST_0688,53,71397,12254,536,Default
CUST_0689,58,31741,21348,493,Default
CUST_0690,26,58711,21834,586,Default
CUST_0691,64,67845,16166,435,Default
CUST_0692,65,61733,15301,470,Default
CUST_0693,52,63620,8383,458,Paid
CUST_0694,65,45103,11962,500,Default
CUST_0695,67,27449,18803,786,Paid
CUST_0696,41,41057,12213,803,Default
CUST_0697,36,38278,7715,670,Paid
CUST_0698,41,48394,32479,402,Default
CUST_0699,31,71865,7682,424,Paid
CUST_0700,57,23763,26283,612,Paid
CUST_0701,56,52885,13462,757,Paid
CUST_0702,55,28731,14577,529,Default
CUST_0703,39,35199,11638,496,Default
CUST_0704,40,61174,18914,722,Paid
CUST_0705,38,26201,7801,470,Paid
CUST_0706,67,64684,5798,681,Paid
CUST_0707,61,22956,23050,472,Default
CUST_0708,69,63339,10980,752,Paid
CUST_0709,34,19009,18730,649,Paid
CUST_0710,35,37643,9572,793,Paid
CUST_0711,51,87929,18542,303,Default
CUST_0712,21,84170,23417,392,Default
CUST_0713,23,41749,12364,305,Default
CUST_0714,36,57799,5332,587,Paid
CUST_0715,43,74081,23443,445,Default
CUST_0716,31,63625,19631,723,Paid
CUST_0717,32,44530,12632,756,Paid
CUST_0718,30,35027,13910,501,Paid
CUST_0719,52,67362,9446,511,Paid
CUST_0720,36,72614,22101,305,Default
CUST_0721,28,84314,12326,675,Default
CUST_0722,58,16255,7906,746,Paid
CUST_0723,32,24937,16068,405,Default
CUST_0724,44,73238,10699,700,Default
CUST_0725,48,18969,9849,395,Default
CUST_0726,28,74770,12849,687,Default
CUST_0727,48,45701,15431,751,Paid
CUST_0728,56,39581,8094,715,Paid
CUST_0729,46,54108,21925,803,Paid
CUST_0730,28,23092,18385,753,Paid
CUST_0731,48,66480,13173,590,Default
CUST_0732,48,83792,10483,833,Paid
CUST_0733,57,67411,14553,492,Default
CUST_0734,61,45069,19497,449,Paid
CUST_0735,56,19239,18722,814,Default
CUST_0736,47,20008,20292,692,Paid
CUST_0737,37,23407,12598,615,Paid
CUST_0738,29,49754,375,375,Default
CUST_0739,53,52268,21239,569,Default
CUST_0740,40,67368,14164,524,Paid
CUST_0741,33,14079,18330,829,Paid
CUST_0742,48,76224,23346,412,Default
CUST_0743,68,63888,27172,550,Default
CUST_0744,49,43463,11750,532,Paid
CUST_0745,33,26204,15669,382,Default
CUST_0746,66,74982,21834,424,Default
CUST_0747,55,43998,10778,474,Default
CUST_0748,26,49599,12089,368,Default
CUST_0749,38,57672,12059,346,Default
CUST_0750,25,31736,14859,555,Default
CUST_0751,67,44356,13899,329,Default
CUST_0752,45,67306,12031,580,Default
CUST_0753,22,65281,10171,536,Paid
CUST_0754,30,65462,19059,547,Paid
CUST_0755,50,26896,21689,667,Paid
CUST_0756,65,45268,22413,794,Paid
CUST_0757,25,42072,12594,324,Default
CUST_0758,53,58503,19268,789,Paid
CUST_0759,21,56713,16181,793,Paid
CUST_0760,38,53108,12146,613,Paid
CUST_0761,52,99314,18671,674,Default
CUST_0762,67,44183,11916,324,Paid
CUST_0763,69,41843,13119,633,Paid
CUST_0764,31,26865,8116,654,Default
CUST_0765,41,19243,12678,415,Paid
CUST_0766,46,25593,16269,347,Paid
CUST_0767,45,35626,22844,398,Default
CUST_0768,42,76201,13232,758,Paid
CUST_0769,47,50783,9809,822,Paid
CUST_0770,69,53866,22486,704,Paid
CUST_0771,33,48074,12477,513,Default
CUST_0772,53,57306,6258,802,Default
CUST_0773,54,78041,15665,747,Paid
CUST_0774,61,10121,13376,557,Paid
CUST_0775,55,74366,26501,420,Default
CUST_0776,21,-300,17376,353,Default
CUST_0777,41,50564,14268,630,Default
CUST_0778,68,93838,10377,540,Paid
CUST_0779,26,63613,16650,829,Default
CUST_0780,48,57461,22283,782,Paid
CUST_0781,37,90038,16559,486,Default
CUST_0782,25,35938,10762,561,Default
CUST_0783,51,58679,17694,663,Paid
CUST_0784,25,61562,14756,790,Paid
CUST_0785,58,39551,17243,730,Paid
CUST_0786,23,41317,13225,538,Default
CUST_0787,43,39124,13108,603,Paid
CUST_0788,57,51746,12911,597,Default
CUST_0789,57,60933,19711,375,Default
CUST_0790,30,52464,13158,632,Paid
CUST_0791,30,64189,12701,773,Default
CUST_0792,39,10617,10289,582,Paid
CUST_0793,37,45634,17270,371,Default
CUST_0794,41,29531,16558,562,Default
CUST_0795,34,56034,12756,311,Default
CUST_0796,29,55738,11453,440,Paid
CUST_0797,66,47687,24380,316,Default
CUST_0798,21,60205,5597,362,Default
CUST_0799,65,69956,17465,552,Paid
CUST_0800,33,48789,21457,764,Paid
CUST_0801,24,28966,-1934,675,Paid
CUST_0802,21,18374,18970,819,Default
CUST_0803,69,50722,13898,389,Paid
CUST_0804,60,54837,16280,474,Default
CUST_0805,52,30609,13383,375,Default
CUST_0806,54,64515,20376,699,Paid
CUST_0807,48,40820,16815,370,Default
CUST_0808,51,16871,15658,479,Paid
CUST_0809,28,75128,10505,423,Paid
CUST_0810,59,72879,24411,680,Paid
CUST_0811,46,9688,15049,592,Paid
CUST_0812,54,38747,26449,494,Default
CUST_0813,23,37968,24637,527,Default
CUST_0814,32,82789,6108,730,Paid
CUST_0815,21,48014,11725,735,Paid
CUST_0816,64,20082,9815,760,Default
CUST_0817,25,67642,14758,320,Paid
CUST_0818,50,25384,15935,363,Default
CUST_0819,50,44793,16149,464,Paid
CUST_0820,37,34604,20270,326,Default
CUST_0821,68,38790,22467,610,Paid
CUST_0822,67,68745,19837,584,Default
CUST_0823,43,80426,12195,580,Paid
CUST_0824,35,24512,11089,463,Default
CUST_0825,57,62521,15013,523,Default
CUST_0826,41,35344,17130,445,Default
CUST_0827,34,35966,14084,329,Default
CUST_0828,22,59812,8272,344,Default
CUST_0829,31,29441,18410,770,Paid
CUST_0830,59,59412,13038,333,Paid
CUST_0831,58,64602,12887,726,Paid
CUST_0832,54,41349,14726,520,Paid
CUST_0833,58,76541,13800,833,Paid
CUST_0834,54,24543,13167,666,Paid
CUST_0835,38,76908,8599,849,Paid
CUST_0836,50,11120,14438,415,Paid
CUST_0837,35,103994,18514,538,Default
CUST_0838,47,41875,16323,634,Paid
CUST_0839,54,26753,19740,740,Default
CUST_0840,58,45346,11357,447,Paid
CUST_0841,53,29070,8609,308,Paid
CUST_0842,44,57739,13770,587,Paid
CUST_0843,35,77353,11928,687,Default
CUST_0844,50,30130,12448,349,Default
CUST_0845,62,61587,16058,816,Default
CUST_0846,37,19345,12484,577,Default
CUST_0847,25,70659,8749,599,Paid
CUST_0848,49,58324,12205,434,Paid
CUST_0849,24,71523,16700,446,Paid
CUST_0850,30,47553,18357,789,Paid
CUST_0851,37,41296,18307,777,Default
CUST_0852,30,66322,17122,458,Default
CUST_0853,37,23839,14159,683,Default
CUST_0854,40,15143,17024,462,Default
CUST_0855,44,49900,14788,740,Paid
CUST_0856,25,42208,15565,488,Default
CUST_0857,54,61076,10303,714,Paid
CUST_0858,26,71831,15219,638,Default
CUST_0859,22,60660,16893,480,Default
CUST_0860,33,70238,16705,587,Default
CUST_0861,63,56421,8562,486,Default
CUST_0862,63,59891,15481,437,Default
CUST_0863,68,47666,7780,429,Paid
CUST_0864,31,59300,15868,493,Default
CUST_0865,67,53333,11493,615,Default
CUST_0866,43,56503,23528,443,Default
CUST_0867,36,46665,15596,315,Default
CUST_0868,51,66178,19005,601,Paid
CUST_0869,31,35790,25554,722,Paid
CUST_0870,36,49633,10912,544,Default
CUST_0871,28,76235,17178,406,Default
CUST_0872,24,31025,9070,387,Paid
CUST_0873,60,6763,16724,428,Default
CUST_0874,24,57329,23828,640,Paid
CUST_0875,45,44860,11860,303,Default
CUST_0876,23,70217,10570,626,Default
CUST_0877,52,47389,14544,709,Paid
CUST_0878,23,37913,25229,605,Paid
CUST_0879,47,48483,18855,524,Paid
CUST_0880,49,71861,10475,647,Paid
CUST_0881,52,61507,22275,620,Paid
CUST_0882,39,1321,6724,480,Paid
CUST_0883,41,53715,25682,685,Paid
CUST_0884,25,54715,19282,407,Default
CUST_0885,38,49635,23817,830,Paid
CUST_0886,48,37782,6761,709,Paid
CUST_0887,62,73890,15847,595,Paid
CUST_0888,42,74880,14330,470,Default
CUST_0889,41,5936,9965,630,Paid
CUST_0890,26,34040,8519,792,Default
CUST_0891,21,47105,17535,494,Default
CUST_0892,25,68970,17988,311,Default
CUST_0893,61,50697,21499,494,Default
CUST_0894,32,36328,12482,789,Paid
CUST_0895,46,64190,14291,481,Default
CUST_0896,66,45773,8087,615,Default
CUST_0897,54,47651,22703,329,Default
CUST_0898,69,49456,15347,395,Paid
CUST_0899,34,61486,18612,680,Paid
CUST_0900,46,43829,18789,743,Paid
CUST_0901,65,63738,22295,597,Default
CUST_0902,47,48538,10843,660,Paid
CUST_0903,29,28659,18487,673,Default
CUST_0904,46,49264,14874,602,Paid
CUST_0905,67,29695,25528,720,Default
CUST_0906,42,50819,10828,545,Paid
CUST_0907,67,66589,20857,536,Default
CUST_0908,50,28527,16751,833,Paid
CUST_0909,63,57285,16489,484,Default
CUST_0910,68,33419,15270,767,Paid
CUST_0911,37,54034,21733,662,Paid
CUST_0912,46,67204,16319,582,Paid
CUST_0913,56,7409,7377,635,Paid
CUST_0914,21,27710,21097,461,Default
CUST_0915,28,42620,20181,459,Paid
CUST_0916,69,56300,17935,773,Paid
CUST_0917,55,46672,9357,621,Default
CUST_0918,35,49082,10134,311,Paid
CUST_0919,67,90859,5612,723,Paid
CUST_0920,42,25750,17301,372,Default
CUST_0921,34,72709,8252,500,Default
CUST_0922,46,43000,6406,821,Paid
CUST_0923,48,60989,21374,804,Paid
CUST_0924,43,92578,18840,338,Default
CUST_0925,34,63773,13334,359,Default
CUST_0926,44,57449,14329,620,Default
CUST_0927,22,81982,2963,734,Paid
CUST_0928,65,72495,19583,707,Paid
CUST_0929,46,34012,11536,685,Paid
CUST_0930,34,55890,16651,377,Default
CUST_0931,27,15650,2557,493,Default
CUST_0932,23,39196,19887,584,Paid
CUST_0933,67,56281,11235,826,Paid
CUST_0934,43,37957,8119,823,Paid
CUST_0935,66,55467,13301,455,Default
CUST_0936,63,49732,12018,639,Paid
CUST_0937,67,60728,20371,424,Default
CUST_0938,65,41516,12898,579,Default
CUST_0939,38,31197,21813,427,Default
CUST_0940,58,79562,16650,613,Paid
CUST_0941,55,40086,19471,631,Paid
CUST_0942,35,63200,14989,449,Paid
CUST_0943,45,78704,21360,753,Paid
CUST_0944,57,53253,9231,335,Paid
CUST_0945,48,32873,15568,719,Default
CUST_0946,30,46427,13017,321,Default
CUST_0947,59,70350,21983,505,Default
CUST_0948,37,54124,22495,655,Default
CUST_0949,59,25897,15002,739,Paid
CUST_0950,42,61932,8542,395,Default
CUST_0951,46,65390,17135,463,Default
CUST_0952,64,42893,6676,447,Paid
CUST_0953,45,62204,23130,829,Paid
CUST_0954,37,54900,12634,593,Paid
CUST_0955,33,46051,14847,494,Default
CUST_0956,40,24129,11595,779,Paid
CUST_0957,45,71559,10491,422,Default
CUST_0958,24,65184,18686,699,Paid
CUST_0959,30,61677,14206,751,Paid
CUST_0960,23,80890,15212,403,Paid
CUST_0961,61,68903,9980,761,Default
CUST_0962,65,63731,19280,695,Paid
CUST_0963,38,5735,19788,636,Default
CUST_0964,67,73937,13955,441,Default
CUST_0965,56,51661,21339,616,Paid
CUST_0966,67,56249,14479,826,Paid
CUST_0967,42,56386,18898,700,Default
CUST_0968,54,65476,6885,609,Paid
CUST_0969,67,72443,16767,794,Default
CUST_0970,28,62684,13642,408,Paid
CUST_0971,60,59505,15777,671,Paid
CUST_0972,69,54630,15553,505,Paid
CUST_0973,64,-17032,15628,342,Default
CUST_0974,39,44248,18078,544,Paid
CUST_0975,62,31168,12174,586,Paid
CUST_0976,61,74214,17845,654,Paid
CUST_0977,57,62380,21162,775,Paid
CUST_0978,26,40837,7949,382,Paid
CUST_0979,46,42845,11097,409,Default
CUST_0980,54,42120,11307,489,Paid
CUST_0981,65,41763,9539,550,Paid
CUST_0982,26,21108,12626,590,Default
CUST_0983,57,16774,20165,500,Default
CUST_0984,53,50580,22237,625,Default
CUST_0985,42,71506,15530,810,Paid
CUST_0986,41,39246,13378,708,Paid
CUST_0987,26,56068,19014,807,Paid
CUST_0988,26,64685,3180,371,Default
CUST_0989,68,30132,9724,546,Default
CUST_0990,24,49600,3391,643,Paid
CUST_0991,50,36669,9671,353,Default
CUST_0992,31,82122,11164,827,Paid
CUST_0993,50,81249,22388,831,Default
CUST_0994,51,30153,1194,492,Paid
CUST_0995,44,57717,12916,357,Default
CUST_0996,29,71351,18097,736,Paid
CUST_0997,23,66966,17053,410,Paid
CUST_0998,51,51631,22308,428,Default
CUST_0999,60,76131,15805,625,Paid
